KO_MANTIS_CONSENSUS	QUANT
K10040	112
K10041	72
K15738	2
K02895	7020
K02411	544
K05921	3
K03742	15
K02410	137
K00230	18
K02892	13950
K00231	2
K22024	15
K02890	33517
K23351	1011
K02417	46
K00239	5151
K02416	2776
K02899	17728
K24204	2
K02897	5533
K03744	286
K01565	5
K02413	32
K03743	15
K02412	39
K08195	9
K11381	576
K02409	20
K05919	934
K17928	20
K08191	15
K13566	2
K14414	37
K02884	42643
K01552	118
K02400	50
K05910	8
K02881	13389
K03738	639
K02406	5803
K03737	294151
K03736	40
K02888	12304
K02404	144
K03735	185
K02887	12185
K00226	51
K03734	1
K02886	58297
K03733	6
K24217	48
K13530	2
K12685	4
K11358	1681
K10026	2
K02433	522
K01585	18
K00254	2
K01586	1267
K03763	4132
K02431	5698
K01583	108
K00253	140
K05946	251
K15719	186
K01580	215
K02438	2
K03769	423
K02437	217
K03768	12257
K01589	4
K00259	869
K03767	860
K02435	26
K01588	2187
K02434	1443
K05942	422
K15721	2
K13542	2
K10039	54
K10036	140
K10037	50
K00243	1054
K00244	3494
K05934	4
K05936	219
K01571	46222
K00240	280
K22010	29
K05939	105
K02429	2
K02428	1097
K00249	839
K00248	42845
K01579	66
K02424	37
K00245	27
K01577	9
K00246	7
K13993	14651
K09013	1983
K09014	364
K03709	265
K13990	26
K08164	1609
K10005	16
K01520	28
K03706	9245
K09007	2
K03705	36
K03704	400
K03703	404
K21134	6
K01523	29
K03702	978
K02855	4
K03701	4980
K00677	19
K01524	9
K21138	525
K10012	2
K09002	11
K09487	368
K08153	27
K00661	8
K01993	2
K21140	15
K01991	624
K01990	7983
K21147	511
K01999	2776
K01515	25
K01998	1154
K01997	10
K01996	811
K00666	28
K01995	159
K03720	1496
K02871	20438
K19285	54
K00690	16
K19286	1630
K22441	12
K00219	1081
K23779	7
K02879	22766
K02878	28795
K02876	29646
K03723	283
K00215	600
K23775	2
K03722	693
K02874	57850
K08174	726
K08177	95
K09022	3154
K03719	266
K03718	336
K10470	14
K13985	222
K01531	9
K02860	5091
K19294	126
K00682	8
K22452	17
K09017	67
K00208	211
K20276	1
K00689	6110
K09015	34
K02867	57141
K01537	447
K03713	20
K01534	220
K00688	26029
K23786	2
K02864	9040
K03711	182
K02863	94271
K01533	5
K03710	4
K17998	7
K17997	46
K17996	76
K17995	452
K17999	4543
K02015	808
K02499	156
K02014	308
K07706	1260
K02013	1178
K02497	2
K02012	209
K07705	988
K02495	1659
K01163	171
K02011	3
K03342	247
K07707	9
K03340	12700
K02493	6801
K07709	139
K24286	64
K02019	14
K02017	12
K02016	404
K05524	36
K15342	2
K19701	74
K18855	697
K03335	190
K02004	44
K01156	40
K02488	24
K02003	3179
K05515	319
K05516	359
K01154	1360
K03332	2142
K02484	14
K01153	314
K02483	16
K01151	142
K03339	3166
K03338	184
K05995	338
K03337	56
K02005	1613
K03336	197
K06880	10
K02040	493
K01192	879
K01193	702
K01190	10463
K01191	847
K18820	49
K02037	1
K06878	4650
K03367	298
K02036	469
K02035	9107
K09903	2535
K03366	2
K02034	2
K07727	2435
K02033	41
K01185	57
K07729	5522
K02032	2220
K01186	275
K02031	1035
K01183	10
K02030	2
K06871	2
K05540	6
K07720	10730
K02039	27735
K05546	2
K01181	32
K01182	1754
K18830	4
K18831	135
K02026	145
K02025	1390
K07714	2
K01176	4509
K07717	2
K03353	198
K07718	254
K02020	7
K06864	17
K02029	318
K02028	331
K02027	8021
K12264	378
K14445	88
K12267	5
K13598	4
K15771	152
K15772	76
K14441	88
K15770	17715
K15779	9522
K15778	104
K03786	6
K03785	2785
K03784	13533
K03300	43
K02453	2
K03783	67
K22068	389
K03781	98
K03780	2242
K03308	81
K01129	18
K03307	89
K03305	4
K03789	2
K00278	46
K01126	1892
K03303	7
K18814	16
K10094	2
K15780	2076
K15781	172
K16639	515
K22082	2
K15789	182
K00265	15238
K03775	7
K01596	518
K00266	62739
K03773	163
K00264	5616
K01595	83
K03771	64
K02440	85
K00261	42
K00262	193344
K03770	242
K01593	576
K01591	10333
K00260	3677
K01118	4
K01119	388
K03779	11739
K24258	34
K02448	1
K03778	551
K03776	346
K01599	186
K11392	3026
K13572	6
K12240	1514
K03324	334
K02477	58
K22042	2
K05989	229
K00297	5317
K02474	48
K03321	186
K03320	203
K00294	14
K02472	104
K01142	4
K22044	8
K02470	8927
K22043	2
K23373	2
K03328	422
K04652	540
K03327	64
K04654	54
K04655	4
K02478	5
K05986	25
K13581	2
K12251	110
K12257	955
K01134	4
K00287	15
K03797	217
K03312	2
K00288	4
K03310	84
K00286	679
K00281	912
K03790	3
K05970	1
K01138	80
K02469	4986
K01139	4360
K03798	15267
K16147	15
K07672	694
K10843	2
K10844	145
K18330	179
K18331	6514
K16153	4178
K06334	3398
K06333	9
K16150	22
K07668	1801
K06330	2
K18332	2731
K03298	1
K03296	153
K07652	4
K06320	817
K07651	14
K07658	546
K08986	257
K07657	2
K20627	2
K20626	9
K07692	28
K07693	39
K01903	1158
K10820	899
K18785	6562
K10823	3777
K18303	13
K18306	2
K07684	10
K01900	386
K07689	2457
K09861	186
K17472	32
K21961	27
K05499	4
K07678	652
K06346	1504
K07679	125
K13075	497
K15255	2
K20608	126
K01091	1181
K03270	2
K19611	793
K19613	4
K03269	2
K09807	4
K01089	230
K10804	76
K09808	6393
K09809	9
K04112	1675
K04113	4
K08955	8
K08956	2370
K09800	1
K10810	28
K01077	233
K17450	188
K04104	567
K06766	167
K13059	85
K13052	2
K03294	5
K03292	33
K03286	4108
K03285	1875
K07641	607
K07642	212
K09825	2527
K07646	2
K13069	3
K03282	8
K06306	18
K09815	4
K08969	154
K09816	165
K08963	26
K09810	5
K07636	29
K09811	14
K09812	296
K10440	54
K07271	1292
K10441	8383
K07273	3540
K05096	14
K00639	14133
K07275	11
K13953	1487
K13954	897
K01960	103
K21573	109660
K21572	11392
K21571	951
K19265	824
K19266	2
K21577	1462
K22424	2
K21576	144
K01966	3213
K00634	40
K21575	1237
K21574	4791
K00632	4659
K23753	40
K01963	333
K02810	5
K01962	25
K21579	3
K01961	66
K08591	2
K07260	60
K07263	2613
K00627	34
K02806	11
K01958	1202
K07264	2
K11787	4
K13963	85
K21584	220
K22431	36371
K21583	642
K02804	2113
K00625	1055
K00626	41791
K01956	4871
K20257	99
K01955	48080
K07258	1990
K22432	6234
K01954	80
K02800	3
K01953	328
K01952	48735
K01951	20778
K00620	2242
K01950	74
K22409	3
K09475	16
K01507	242
K02838	6113
K11755	432
K11752	157
K11751	2477
K10421	183
K11754	430
K11753	231
K00651	148
K00658	12
K07289	3
K02837	4145
K01506	179
K01989	3872
K02836	1458
K00656	85906
K17064	6
K02835	4539
K02834	579
K22405	58064
K00655	6
K01500	4013
K07284	4290
K13940	186
K00640	1215
K10439	4526
K22893	3
K21562	8
K00647	979
K09457	274
K17077	245
K09458	706
K00648	74
K07277	326
K02825	7540
K00645	584
K02824	65
K21563	2902
K07279	231
K02823	130
K17074	2
K17073	77
K02822	4
K01972	530
K06381	36
K01929	120
K01928	1081
K06382	22
K06385	462
K01926	149
K01925	257
K07231	567
K18367	216
K13919	482
K19221	5
K01924	4009
K07223	7
K01923	23493
K20202	370
K01921	448
K06379	2
K09888	45
K16191	987
K20203	7150
K01918	494
K01916	10
K01915	75835
K16199	455
K07221	70
K01914	3525
K07220	2
K19224	7
K13922	14427
K19225	325
K13920	303
K11741	5
K13921	1989
K11749	936
K13926	7
K01912	137
K07213	13
K07216	274
K07699	945
K07250	154
K07251	3552
K17497	2
K00616	370
K18345	524
K18346	6
K18347	182
K18348	28
K18349	52
K18350	724
K11717	3055
K19200	138
K06398	170
K00615	22355
K01945	28052
K00613	2988
K06399	2
K00610	2232
K01941	1
K00611	19410
K01940	22288
K21512	2
K06390	47
K00609	32606
K01939	30130
K16179	20
K01938	140585
K01937	34132
K00605	271
K06396	2
K00606	105
K16176	995
K06395	1026
K19689	141
K19693	325
K19694	521
K00603	216
K01935	8
K00604	2
K01933	11698
K00602	22265
K00600	51951
K12340	1030
K13670	40
K01200	3763
K01684	42
K01685	242
K01201	12
K00351	369
K01681	17258
K01208	5517
K01209	3503
K01206	691
K01207	1118
K02536	312
K01689	81925
K01205	6
K01686	3975
K00355	105
K01687	30200
K11021	2
K09163	2
K16710	153
K13688	1
K14534	258
K15866	1114
K02520	4667
K02529	3193
K02528	50
K23005	64
K00348	989
K01679	87
K02527	1
K23004	2
K01677	4177
K00346	1009
K03856	1120
K00347	4
K01678	1699
K01676	1613
K13652	2
K14982	2
K06919	4
K14987	4
K01222	85
K00375	33
K01223	674
K02551	22
K03408	108
K03407	1004
K03406	1549
K01227	770
K02556	4
K01224	369
K03402	206
K13663	62
K11004	16
K11005	3
K06901	48
K01695	386
K22130	368
K01696	165
K01212	43
K01693	98
K01692	666
K06904	2
K06907	4
K21285	9589
K01218	168
K22135	16
K01697	3444
K04720	6
K01698	3003
K01214	32
K10120	553
K08281	6
K08282	13
K12308	171
K10125	2
K00793	2
K01640	12
K00794	2883
K22580	2
K02970	7290
K00791	619
K00790	107
K12309	108
K01649	4043
K01646	22
K01647	25332
K00313	22
K01644	3
K00797	5
K00798	53
K22107	2
K00795	13
K22106	2
K00796	205
K01643	1180
K01639	3619
K12316	27
K13643	525
K02961	44861
K03816	676
K02968	2118
K23449	12
K09117	978
K02967	76523
K00788	253
K01635	772
K00789	32811
K02965	53366
K02963	6732
K09118	10
K00784	2202
K09157	20198
K02519	44341
K09155	2
K02994	52346
K01662	117
K00331	86
K02992	68370
K02990	9838
K02518	116
K01666	1123
K00335	1212
K01667	5520
K00336	151
K02996	30754
K11441	84
K09145	147
K08299	15
K03839	3153
K08297	317
K13626	2
K10117	12971
K10118	211
K10119	221
K10112	13328
K11443	2
K01652	1514
K02982	138298
K01657	51
K08289	44
K02988	27740
K01658	2
K09137	40
K02503	2331
K00324	71
K02986	60609
K02502	266
K03833	620
K01653	1323
K23424	1002
K03832	345
K02501	296
K02500	1634
K03831	257
K18967	138
K18968	5
K16787	22
K16786	162
K16785	18
K13278	133
K13274	5
K03470	1077
K14127	834
K16305	10
K06978	192
K03466	101
K01286	8
K03465	26
K02133	83344
K06979	1
K01284	145
K02132	271
K13280	95
K15460	6
K06972	2550
K06971	1
K03469	14
K18979	2014
K17641	434
K13283	274
K16793	1688
K20816	1416
K01281	4
K16318	37
K14138	23483
K19824	555729
K07814	779
K01277	27
K06967	186
K07813	68
K03455	224
K01278	2378
K02124	2
K06969	1403
K02123	1211
K07816	123
K02122	85
K01273	28
K02121	166
K02120	11
K01271	5048
K13290	72
K13292	41
K06960	5
K11072	3323
K02160	94
K03491	13
K18940	6400
K15437	1275
K06999	64
K03483	578
K06994	2
K23059	2569
K06993	163
K06997	3889
K17624	753
K18959	2
K11085	829
K06990	1010
K03481	71
K18954	725
K19802	19
K01299	154
K03478	2
K01297	51
K03476	94
K01295	82
K15894	616
K18929	705
K04755	78
K06933	2
K02574	1
K01243	270
K04758	4489
K04759	40749
K05606	1102
K00394	255
K06939	4
K00392	2
K03429	2
K11060	22
K04751	92
K03427	436
K03424	3
K05601	1262
K11065	261
K11062	188
K00390	2323
K11069	519
K06923	403
K02564	3967
K06922	2435
K02563	370
K00384	465
K06925	7298
K06924	1
K00385	3271
K03893	453
K01232	287
K00382	547
K03892	17
K06927	5
K06926	25
K00383	20
K06928	2
K01239	2439
K11071	4
K03415	2026
K06921	11
K02567	1
K01235	354
K03413	280
K10188	16506
K15873	70
K15871	7
K18908	1997
K01270	2078
K12368	79
K10189	112
K15876	2
K12369	4
K02114	49
K02598	36
K01267	54242
K22162	26
K02113	54
K02112	5362
K06958	977
K02111	67212
K01265	1221
K03442	6
K02110	187
K01262	163
K06959	757
K07806	18
K01261	15
K18909	4
K04770	1
K10190	239
K06950	64
K04771	9637
K04772	68
K02119	12
K02118	1539
K04773	69
K02117	10595
K06951	248
K01268	51
K01269	144
K02115	215
K18914	4
K10192	7615
K10193	57
K12373	2092
K11041	5160
K18910	21
K02587	9
K02103	17
K01255	362
K04767	4
K01256	4
K02585	1126
K03431	5200
K04769	225
K06946	106
K06949	10
K03430	2
K02109	479
K03439	157
K02108	4
K04761	188
K03438	747
K06941	117
K04763	2856
K02106	2
K03437	488
K03436	13
K01258	4147
K02588	5
K06942	362
K08640	103
K07792	87
K19776	8
K02099	666
K19781	496
K19783	2
K09963	8
K07783	2
K22944	19
K20765	6
K19309	2517
K09960	15
K10974	2
K19302	2
K19303	4
K10977	4
K19788	22333
K18457	16
K19789	2
K19793	2
K09952	371
K05594	30
K21621	168
K05595	705
K07775	2470
K09951	2
K06446	905
K07776	119
K07778	659
K22927	30
K18429	99
K09992	2
K10947	2
K18430	2
K07322	19
K07321	1687
K08652	380
K08659	889
K20742	2
K17103	13
K18431	17
K17108	4
K07319	9
K14084	96
K07795	163
K08641	42
K14082	1947
K09973	16
K14080	24
K07317	397
K21600	336
K07316	10
K14048	480
K22906	5
K03390	2
K18887	1476
K18888	1157
K18889	370
K19736	2
K06416	28
K03389	881
K02058	536
K03388	797
K07749	16
K02055	12
K03385	42
K18890	2214
K18891	6
K02052	624
K07742	2
K06410	13
K06894	8
K06413	14
K06412	2000
K22900	17
K05567	178
K06898	98
K14059	998
K14055	142
K02051	1038
K02050	822
K18896	58
K18898	2
K06406	25
K06889	1041
K06405	1
K07736	4
K01198	2210
K07738	44
K02045	370
K01196	74
K02044	79
K06409	40
K02042	19
K01195	8229
K06882	1358
K06881	24
K06400	541
K14060	4
K14061	19
K06404	67
K02049	379
K15358	22
K15353	2
K05592	228
K05593	35
K02084	2
K02082	288
K02081	92
K19710	141
K16209	2
K05108	71
K10907	51
K02078	1103
K16692	543
K05587	102
K16214	2
K16698	2
K16213	15
K16212	4095
K16211	1
K16695	259
K16210	17
K02073	5377
K02072	33
K02065	16
K10914	2
K03394	42
K18881	18
K17550	19
K15372	154
K08600	458
K06421	450
K07755	8
K08602	289
K07391	7
K10562	136
K02939	4799
K01609	3
K00759	1418
K07397	1512
K01607	2
K11410	161
K20361	2
K01604	3540
K00757	202
K02935	34099
K08234	165
K02933	36921
K00756	59
K02931	120452
K01601	4
K00754	4
K09569	9
K00752	615
K23876	1644
K07386	312
K02926	15738
K13606	28
K20374	2
K06046	173
K06045	4
K10540	28152
K03809	1296
K01628	10052
K02959	9952
K08264	210
K01629	569
K19355	9
K10546	8389
K10548	1778
K10541	142
K10542	4819
K10543	496
K02950	64867
K19360	2
K21672	8
K01626	2769
K20344	3
K06079	41
K08258	193
K01627	10
K02956	9259
K01624	75051
K01625	9404
K02954	168
K01623	106
K03800	253
K02952	72011
K00773	512
K01620	2
K01621	31249
K06075	2050
K01619	339
K06077	6
K02948	28851
K06076	185
K10559	10725
K12736	132
K10555	314
K00760	1890
K00761	35753
K18045	730
K01615	395
K02946	20960
K02945	51850
K01613	74
K00766	682
K00767	6786
K17195	28
K00764	1920
K00765	679
K00762	9054
K21688	9
K01610	158564
K00763	13338
K06020	6
K08681	6
K19333	93
K19334	138
K18009	186
K18012	20
K08676	196
K00713	392
K06012	11
K06015	9
K06016	30
K06019	2
K08679	20
K00705	5489
K18013	80
K18014	44
K10536	4
K10537	4
K19347	16
K19354	13
K00702	1353
K00703	18631
K06001	2854
K09997	12
K00700	3470
K22994	441
K07335	7545
K22516	23
K02919	1890
K06041	4
K02916	4550
K18471	318
K18474	78
K02914	76
K02913	2301
K02911	1195
K21636	12
K16291	2
K07369	126
K02909	8585
K02907	2217
K02906	19762
K02904	10165
K08693	220
K18475	4
K06024	1605
K02902	1611
K06023	3343
K00721	1092
K15974	77
K13797	89572
K14647	53
K14645	54
K02653	1
K01322	448
K02652	186
K02650	90
K03980	2
K02656	2127
K03501	4
K10297	370
K14652	211
K12472	3648
K15986	647
K15987	192
K01790	1720
K22277	1
K01791	8
K23121	187
K01318	178
K03979	2298
K02647	7705
K22278	492
K03977	15359
K01798	1
K12448	912
K03522	7120
K00012	359
K19083	1
K00013	4531
K03521	5150
K00010	655
K21397	4
K21395	7023
K21394	76
K03529	64
K00018	2030
K03527	930
K00016	3330
K03526	4225
K03525	2
K00014	25
K03524	3
K19081	2
K00015	7
K12452	85
K12453	7
K13789	1
K13788	28715
K11127	10
K00002	15
K02662	5
K23102	2
K20074	86
K00009	215
K03518	1116
K01338	2033
K03517	2
K00008	11860
K02669	12
K00005	25
K01337	4
K02667	4
K19092	15
K00003	630
K02666	4
K00004	726
K10240	13456
K09251	113
K12421	497
K07078	2
K01761	189
K22226	1156
K00437	85
K10254	3288
K11105	1493
K01751	670
K19075	12
K22230	672
K07058	11
K01759	214
K00428	141
K01756	20047
K00425	15
K07059	11
K01754	3980
K01755	2838
K02601	5156
K02600	14392
K01752	5
K03931	706
K13730	19
K07095	147
K07098	291
K07097	2
K19036	2
K01783	70
K01784	25720
K20021	4
K18197	84
K18198	80
K23536	9
K23537	968
K21356	58
K01787	466
K01788	214
K01785	1520
K01302	67
K07082	234
K12410	128
K07089	1276
K13747	2
K13746	4619
K10238	9
K15924	2
K15925	36
K15923	1087
K15920	195
K15921	158
K07080	439
K10236	2
K00441	68
K01770	4268
K19055	1808
K22214	10
K07079	86
K01778	147
K02626	52
K20035	236
K01779	464
K01776	30
K03955	14
K01777	561
K20038	2308
K02621	7518
K01775	1567
K14244	2
K16422	1054
K12063	871
K00082	2
K03590	70
K17758	2
K00078	12
K03588	2
K00077	2482
K03101	97
K03100	1333
K00074	62303
K03584	2
K24041	21
K24042	6704
K00075	11
K03581	660
K15580	14503
K15581	37
K03106	118
K03589	2
K15587	71
K15584	32
K15582	4
K15583	91
K03580	45
K19943	2
K00067	602
K00068	876
K03575	23
K06606	2191
K00065	151
K03574	1670
K02242	14
K03572	556
K03570	4
K14260	2625
K14261	37
K20932	141
K03579	215
K03578	132
K17734	12
K20903	190
K12047	9
K15553	9
K13378	3
K20904	18
K16881	2
K11195	432
K02282	534
K12049	2
K05305	84
K05306	60
K00099	2366
K00096	132
K00094	60
K05304	116
K16898	1026
K20918	23
K12053	4
K00091	27
K16899	527
K00087	615
K00088	67278
K03596	172
K03111	7073
K03595	677
K03594	228
K03110	380
K00086	19
K03593	1237
K24033	4
K05772	4
K05773	1395
K03116	22
K15533	1891
K11175	24
K11176	13252
K15534	4
K15531	1092
K15532	835
K14681	28
K17716	1078
K14205	2
K17713	9589
K03544	13851
K00033	61
K01361	3336
K00030	202
K00031	11704
K02217	3304
K03548	128
K03547	330
K03546	317
K03545	18082
K14213	260
K17723	5
K17722	6
K14698	278
K11184	9986
K24012	10
K00024	7729
K03531	15493
K03530	5845
K00022	2
K00020	2
K00029	998
K00027	10848
K01358	2905
K03536	30
K24018	2
K01356	46
K02688	168
K03534	24
K02203	2758
K02687	240
K14664	145
K14665	8
K00060	52
K15515	369
K00057	191
K02234	10224
K03565	814
K03564	70
K02232	1
K00052	9545
K00053	110647
K02230	172
K03561	2010
K03569	4799
K02238	3514
K00058	4746
K02237	1
K00059	2868
K11166	19
K15524	26
K03555	6205
K02224	7
K00046	11559
K03553	20966
K22293	629
K00041	5593
K03551	175
K01372	1036
K22299	2
K00042	82
K23144	3994
K00040	6283
K23148	4
K03559	177
K03558	844
K02226	44
K00048	13098
K03556	4
K21739	188
K19418	2
K19419	154
K17237	4
K17236	112
K17234	2108
K03074	29
K19411	47
K03073	16
K03072	74
K11934	45
K03070	12130
K09607	6
K11936	9
K18572	28
K19420	16
K18573	4
K20882	99
K17249	19
K17248	321
K18574	7
K19422	4
K19423	4
K03060	1246
K19424	4
K19425	37
K18578	4
K19426	2
K18579	252
K19427	200
K18581	568
K19430	20
K08741	2
K21746	593
K21745	35
K21744	1753
K08744	350
K17215	7
K17213	151
K07450	2
K00817	1624
K14188	31
K07452	146
K16363	709
K03092	10
K03091	2
K03088	6961
K03086	9773
K00812	273
K14194	8
K20861	2
K06595	104
K16371	94
K06113	66
K07444	184
K07447	8
K20866	14
K21711	42
K06117	2
K17225	135
K00806	57
K11921	1750
K18555	2
K19405	31
K11929	4
K03079	628
K03077	8464
K11924	14
K03076	756
K03075	16
K00800	423
K15016	2801
K15017	1018
K17677	433
K20846	3668
K14163	6633
K14164	56
K14170	7
K17680	10
K05685	1116
K17204	4
K15023	37295
K17686	86
K17202	1291
K15024	2192
K15022	13
K02172	965
K02171	759
K11907	468
K03499	1008
K03498	13
K03497	367
K03496	1308
K03495	110
K03018	672
K08700	6
K20829	427
K16329	2
K16328	115
K16327	2
K07407	1950
K03048	12
K07406	452
K03046	261689
K02199	652
K03043	209372
K18991	31
K03042	1208
K07402	14
K07405	375
K07404	216
K14154	19
K14155	980
K03040	71262
K02190	29248
K02189	713
K02188	659
K16340	2
K08723	129
K09691	5
K06180	3702
K07030	9257
K06183	5
K23518	52
K08364	12
K09696	394
K07031	63
K06187	87
K01728	249
K07033	14
K10206	5998
K10200	893
K10201	8
K11533	594
K20480	4
K20487	155
K06178	101
K00878	1249
K01725	144
K07025	2
K08357	2
K08358	5
K00879	142
K07027	2
K00876	3062
K20485	142
K00874	21024
K07029	1115
K07028	4
K00875	30
K00872	1034
K00873	10582
K09681	5475
K11540	4047
K09684	6
K06173	1448
K09685	55
K00869	7
K07023	2
K08352	2235
K10218	40
K00860	67
K21346	471
K01714	10360
K07497	89
K01715	12116
K00868	21
K01712	205
K07016	64
K08344	670
K06168	13
K01710	7398
K00864	8561
K01711	598
K07017	2
K11991	2
K03929	300
K07053	77
K08384	8
K11996	3597
K01740	40703
K00891	696
K20461	1276
K19002	195
K07047	2
K06199	4
K01745	190
K03924	237
K00899	65
K20469	1
K01744	75
K00895	2138
K08372	19340
K10670	96
K10671	2067
K10672	280
K07040	21
K23508	6809
K07042	83
K01738	34736
K23509	23
K07045	6
K19003	2746
K10677	26
K11527	1508
K19005	4666
K00882	77
K23980	4
K00880	188
K11529	1960
K01736	85
K23987	18
K01734	1457
K09697	5
K07037	6
K01735	2089
K09698	682
K01733	1118
K07039	120
K00886	66
K22657	4
K08321	176
K06142	126
K08314	65
K20444	4
K07467	627
K00832	15
K00833	20
K00830	435
K07469	7746
K00831	25572
K08316	37
K08794	662
K06132	32
K00826	33257
K06131	138
K07462	5233
K18138	53
K18139	6145
K00823	4
K08302	1732
K05275	1
K08303	3726
K00824	17
K00821	7497
K07456	200
K20452	7053
K20453	5054
K08301	1033
K00820	2740
K20459	500
K08307	2
K07457	8
K07459	743
K20429	2
K01709	22
K07491	25
K07010	41
K07493	71
K07012	7
K00858	304
K07496	32
K00859	132
K07495	2
K18591	10
K01703	953
K07003	8
K07487	7
K01704	720
K09667	642
K07486	1096
K06158	1418
K00854	9717
K07005	1719
K01702	114
K07004	7
K00852	133
K21757	2
K07007	1474
K00853	10
K00850	26448
K21755	1161
K07009	123
K07481	677
K00849	2785
K07482	339
K00847	2302
K07001	803
K07485	2
K00848	2089
K18118	136
K18119	7
K18120	222
K18122	286
K00845	2743
K08325	79
K06147	8235
K05299	83
K08322	24
K07478	700
K08323	2
K23946	2
K00841	14
K06148	28
K07479	1387
K08326	115
K14761	2
K05808	11637
K22390	25
K08082	13
K00111	1441
K03621	240
K01442	245
K00595	2
K01443	948
K05803	706
K02770	1844
K05807	12
K21053	3
K03629	1648
K23237	72
K03628	7627
K01448	31
K00118	397
K03625	1199
K03624	10448
K02777	493
K01447	204
K00598	7
K12111	3315
K12113	6
K16951	1
K16958	7
K16957	113
K00100	6647
K03610	1
K02761	394
K01430	213
K02760	183
K22391	20
K22397	42
K21064	12
K23242	2
K01439	395
K03618	2
K03617	12
K02769	44
K03615	12472
K01438	2
K00104	3337
K03613	20
K01436	3
K03612	76
K13892	72
K14742	5
K16927	62
K16924	2
K13896	72
K00133	36637
K21030	357
K05822	166
K01464	125
K00134	284353
K01465	235
K02795	23
K01462	172
K03641	24
K02794	837
K00131	1053
K05825	400
K02793	9
K03640	312
K03649	3461
K03648	2
K02316	359
K01468	4
K03647	32
K00138	282
K02315	52
K02314	11
K02798	2
K02313	24
K12573	531
K12574	9804
K16937	92
K03631	14
K02784	3582
K00123	88
K03630	1185
K05813	955
K02782	23
K02781	9
K22373	219
K03639	1
K00128	128
K00129	1537
K03637	2
K02788	1276
K03634	4
K00125	479
K02302	973
K02786	5
K11693	2
K07192	2559
K01409	2987
K14727	2
K16904	822
K11214	2
K01883	9457
K01880	43253
K01881	1461
K21011	1888
K22341	160
K01406	19
K01889	4699
K00558	933
K01886	9229
K23675	744
K01887	979
K19180	14
K19181	570
K01885	132
K14731	2
K13889	481
K12555	4
K13888	1576
K01872	16677
K01870	14403
K21023	3
K13409	1360
K21022	2
K21021	12
K00548	27
K01879	281
K00549	8282
K01878	341
K21024	15
K01875	55411
K01876	25296
K01873	10355
K01874	17822
K03609	1744
K03608	1024
K19157	2
K12528	424
K12527	940
K12524	608
K01420	2
K01421	599
K00574	477
K00571	2
K12529	1243
K20143	215
K21471	6
K21478	92
K01428	7
K01429	829
K02759	154
K01427	6678
K03604	27
K03602	3014
K01425	32
K00575	15
K03601	7
K09384	2
K09388	2
K01419	2
K11689	2
K14717	72
K01893	19851
K19171	16
K01894	46
K00560	1124
K01892	5969
K21001	2
K11209	2
K01890	8935
K00568	5
K02747	112
K02746	16
K20156	43
K00566	14
K01897	1497
K21009	47
K02744	80
K22339	261
K00564	6
K19170	9
K01896	76
K13038	10
K01046	99
K02377	67
K00197	11320
K00198	28844
K00196	51
K02372	197
K01040	68
K00194	19745
K02371	1515
K05881	4
K13040	6
K01048	4
K05887	2756
K21903	46
K16554	297
K13041	2
K13043	14
K24180	1182
KdpA	496
K03698	216
K05878	1070
K03697	3420
K03696	29901
K05879	164
K00186	555
K03695	63765
K01034	160
K00187	614
K06726	7
K03210	370
K03694	908
K03693	3
K21900	27
K03218	4904
K01039	309
K05874	60
K03217	25
K03216	624
K03215	4443
K03699	6
K13013	102
K13497	26
K18703	2
K18704	492
K18707	4029
K14340	2
K01071	2
K13017	31
K18700	1122
K18702	104
K01069	8
K02399	7
K01066	26
K02396	2
K15201	2
K13020	1208
K16531	267
K02390	255
K02387	2770
K01055	3549
K01056	12
K01054	46
K01051	220
K04564	768
K05896	2
K04566	2
K04567	9197
K15655	6
K15652	2
K17830	2
K16509	2
K17837	11
K13479	176
K17836	39
K03665	5051
K01486	14
K05844	1535
K01487	6
K00156	186
K01000	74
K04516	40
K05847	11
K23271	6
K01485	19
K04517	22
K01483	8
K03660	4
K01480	2303
K13480	19
K01008	22
K01009	2
K02339	2
K02338	4123
K01006	412889
K01007	2440
K03668	73
K02337	549
K02336	74
K01488	4
K01005	20
K02335	1816
K03666	7
K01489	116
K13009	2
K05833	16364
K03654	19
K01475	114
K00145	3859
K01473	6
K03651	22
K01474	9
K05837	821
K03650	23
K00140	80
K01470	12
K03658	427
K01479	135
K03657	2202
K00147	206
K01478	447
K03655	743
K04985	56
K05832	49
K15633	12787
K17810	4
K16961	19
K17818	759
K15634	32
K15635	21
K03687	4181
K00177	50
K02356	10887
K24100	9
K02355	273508
K03686	1043
K00175	301
K03685	19
K21071	13001
K00176	8
K01023	9
K00174	3067
K23253	8
K00172	14
K23259	220
K23258	3
K03208	2
K02358	328217
K01026	32
K03205	330
K00179	51
K02357	18791
K03688	2
K12132	497
K00170	164
K17828	4925
K23270	524
K14314	33
K01497	32
K01498	2
K21084	86
K01495	391
K02343	14
K01011	15
K01496	38
K01012	1536
K02342	2
K02341	553
K01493	4
K02340	7014
K01494	2
K03671	1111
K21088	188
K01491	7816
K23264	4
K23269	14
K05850	2
K00169	6
K02346	9
K00919	11
K00917	2
K04041	601
K04042	79
K22708	2
K18205	13753
K18206	534
K03189	276
K18691	139
K03187	24
K18210	582
K18694	105
K17363	2768
K05363	5
K04034	105
K06213	1026
K05366	330
K06215	12911
K06217	151
K04031	1364
K22719	4
K00903	1
K03182	92
K19545	10
K18218	129
K06207	22469
K06209	17
K03177	6
K18220	2
K06200	4170
K09710	369
K07533	76
K04024	1140
K07535	8
K04026	942
K15192	74
K04027	30833
K06206	2
K20534	121
K00939	30731
K00937	1135
K07571	2130
K20509	1191
K19510	910
K10708	912
K10709	110
K18672	801
K07566	13
K00931	4
K09747	263
K07568	733
K00930	3281
K21833	360
K09748	205
K00928	1677
K00929	56
K00926	6920
K00927	123002
K16013	1632
K00925	45041
K10710	8
K18673	372
K18675	1015
K18676	20
K18682	9011
K04043	116357
K06221	120
K04045	238
K08884	842
K06223	6
K20997	965
K04047	1863
K20998	4
K14286	1512
K04480	156
K03151	97
K03150	313
K17319	142
K17318	39143
K03147	8804
K07505	32
K07508	12
K18650	130
K07502	12
K20964	27
K04477	73
K20965	102
K07504	107
K03149	4890
K19506	2
K19507	15
K19508	103
K19509	19
K16474	65
K21829	2
K17320	267
K07979	347
K02283	28
K05795	245
K20976	655
K20973	4
K05799	115
K20974	5
K15599	394
K15598	35
K05350	206
K04020	3003
K19954	37
K19955	18
K19956	12
K05349	4743
K03169	10
K04019	4
K03168	839
K09706	102
K05341	896
K05343	82
K09703	2
K04014	39
K09704	89
K09702	102
K20957	10
K14273	4
K03153	28
K03152	179
K04485	955
K04486	136
K04487	14797
K04488	51012
K07150	2
K08483	5710
K01848	72
K07154	24
K01849	54
K12988	38
K12987	30
K12506	650
K12984	1391
K12983	249
K00991	1404
K19140	14
K00990	75
K01847	933
K06298	2
K01844	14
K01845	327
K22300	2437
K00995	154
K00996	55
K01843	1058
K01840	14025
K22305	8
K12990	72
K01839	525
K01838	206
K18299	1
K19147	88
K12511	144
K12510	54
K12994	4
K12997	5
K00980	14
K00981	98
K21463	4
K21462	706
K01835	3049
K06287	391
K07137	2946
K00986	2
K01834	2496
K21464	2
K07139	2
K07138	876
K21469	2
K07171	355
K12960	190
K07173	1046
K20108	4
K23617	4
K07175	30
K16089	95
K11635	8
K19597	69
K11634	91
K11636	220
K19117	90
K11631	1
K19118	164
K11633	81
K13810	1274
K19123	2
K01868	18659
K00537	8
K01869	6030
K01866	4208
K01867	8328
K00533	69
K16092	44
K00532	15
K07160	90
K10793	1185
K07164	4
K07166	70
K07165	9
K19124	4
K11645	2064
K10794	1785
K11641	3
K10797	86
K13821	16
K21440	14
K19133	2
K13829	822
K00526	170
K01858	657
K02703	16
K00525	10
K01854	4165
K01808	2016
K01809	92
K21417	14
K04083	69
K09772	540
K01807	98
K09773	165
K01804	34806
K00957	1456
K04085	48
K01805	3219
K04086	13058
K16066	20
K19575	23
K18244	164
K12941	60
K11618	20
K00955	330
K09765	4
K07102	53
K04077	135096
K01803	67248
K00956	2854
K04078	8953
K04079	30869
K00954	13
K00951	942
K07107	20
K09768	4
K04070	2
K04072	42348
K00948	6994
K09761	425
K00949	22
K09762	98
K04074	790
K00946	16
K04075	21
K19586	68
K10773	16
K19108	20
K11621	32
K12952	8
K19591	2
K16087	29
K00944	443
K00945	9725
K04066	7
K07574	149
K00942	6445
K04068	2
K07576	5294
K00943	1
K04069	208
K00940	68
K09759	2364
K00941	730
K22757	2
K06282	4
K06284	648
K07130	224
K00979	38
K06286	2
K07133	2069
K09792	12
K16044	76
K10742	1599
K00970	32
K07124	22
K20543	6
K00978	2
K16053	8
K00975	39580
K07126	1030
K01823	1024
K00973	13189
K00974	4
K00971	8
K00972	20
K01819	284
K04092	15
K04094	70
K01817	25
K01818	58391
K01815	2003
K04096	4
K00969	3477
K18234	673
K18235	294
K01813	5226
K00966	2
K04087	98
K04088	6
K01814	556
K09777	3077
K01811	1426
K00965	5956
K01812	11496
K07114	19
K09775	1
K00962	102677
K01810	93895
K00963	787
